<?xml version="1.0" encoding="UTF-8" standalone="yes"?>
<addon id="plugin.video.ODINuninstaller" name="ODIN Uninstaller"
	version="1.0.0" provider-name="Architects @Work">
  <requires>
    <import addon="xbmc.python" version="2.1.0"/>
  </requires>
  <extension point="xbmc.python.pluginsource" library="default.py">
    <provides>executable</provides>
  </extension>
  <extension point="xbmc.addon.metadata">
    <summary lang="en">ODIN build Remover for Kodi</summary>
    <description lang="en">This will remove any ODIN Build from your device and put Kodi back to a fresh start!!</description>
    <platform>all</platform>
    <website>http://aaw1.byethost8.com/index.html#</website>
  </extension>
</addon>
