<?xml version="1.0" encoding="UTF-8" standalone="yes"?>
<addon id="plugin.video.ODIN" name="ODIN Installer" version="1.0.0" provider-name="ODIN">
  <requires>
    <import addon="xbmc.python" version="2.1.0"/>
  </requires>
  <extension point="xbmc.python.pluginsource" library="default.py">
        <provides>video executable</provides>
  </extension>
  <extension point="xbmc.addon.metadata">
    <summary lang="en">ODIN Installer</summary>
    <description lang="en">ODIN Installer provides an easy way to install fully customised Kodi setups to your device</description>
    <platform>all</platform>
  </extension>
</addon>
